Лицо со шрамом,Scarface,1983,10,04.04.10 18:36
Кокаин,Blow,2001,10,04.04.10 18:37
Донни Браско,Donnie Brasco,1997,10,04.04.10 18:37
Крестный отец 3,The Godfather: Part III,1990,10,04.04.10 18:37
Реквием по мечте,Requiem for a Dream,2000,8,04.04.10 18:38
Джонни Д.,Public Enemies,2009,10,04.04.10 18:38
Джеки Браун,Jackie Brown,1997,10,04.04.10 18:42
Пролетая над гнездом кукушки,One Flew Over the Cuckoo's Nest,1975,10,04.04.10 18:44
Побег из Алькатраса,Escape from Alcatraz,1979,9,04.04.10 18:44
Полуночный экспресс,Midnight Express,1978,10,04.04.10 18:44
Мотылек,Papillon,1973,10,04.04.10 18:44
Похороните меня за плинтусом,,2008,9,05.04.10 21:13
Феррари,Ferrari,2003,10,24.05.10 20:38
Обитель тьмы Гарта Маренги,Garth Marenghi's Darkplace,2004,10,27.05.10 12:40
Книжный магазин Блэка,Black Books,2000 – 2004,10,27.05.10 12:41
Амели,Le Fabuleux destin d'Amelie Poulain,2001,10,27.05.10 12:48
Тетро,Tetro,2009,10,27.05.10 12:48
Догвилль,Dogville,2003,10,27.05.10 12:48
Бойцовский клуб,Fight Club,1999,9,27.05.10 12:49
Шоу Трумана,The Truman Show,1998,9,27.05.10 12:49
Криминальное чтиво,Pulp Fiction,1994,9,27.05.10 12:49
Запах женщины,Scent of a Woman,1992,9,27.05.10 12:49
12 разгневанных мужчин,12 Angry Men,1957,9,27.05.10 12:50
Утомленные солнцем 2: Предстояние,,2010,9,27.05.10 12:50
Оружейный барон,Lord of War,2005,8,27.05.10 22:29
Поймай меня  если сможешь,Catch Me If You Can,2002,9,27.05.10 22:35
Жизнь как чудо,Life is a Miracle,2004,10,03.06.10 16:47
Проблеск гениальности,Flash of Genius,2008,8,19.06.10 9:21
Меня зовут Эрл,My Name Is Earl,2005 – 2009,10,07.07.10 17:46
Я люблю тебя  Филлип Моррис,I Love You Phillip Morris,2008,4,09.08.10 11:02
Одноклассники,Grown Ups,2010,8,13.08.10 12:37
Человек с бульвара КапуциноК,,2009,1,14.08.10 11:48
Апокалипсис сегодня,Apocalypse Now,1979,8,16.08.10 11:13
2001 год: Космическая одиссея,2001: A Space Odyssey,1968,8,16.08.10 11:13
Заводной апельсин,A Clockwork Orange,1971,8,16.08.10 11:13
Андрей Рублев,,1966,8,16.08.10 11:13
Однажды в Америке,Once Upon a Time in America,1983,9,16.08.10 11:13
Красота по-американски,American Beauty,1999,8,16.08.10 11:13
Молчание ягнят,The Silence of the Lambs,1990,8,16.08.10 11:13
Карты  деньги  два ствола,Lock  Stock and Two Smoking Barrels,1998,9,16.08.10 11:13
Бешеные псы,Reservoir Dogs,1991,9,16.08.10 11:13
Летят журавли,,1957,9,16.08.10 11:13
Большой куш,Snatch.,2000,9,16.08.10 11:14
Сука-любовь,Amores perros,2000,9,16.08.10 11:14
Назад в будущее,Back to the Future,1985,9,16.08.10 11:14
Престиж,The Prestige,2006,8,16.08.10 11:14
Гран Торино,Gran Torino,2008,9,16.08.10 11:14
Как я провёл этим летом,,2010,8,16.08.10 13:12
Остров,,2006,10,16.08.10 13:12
Терминал,The Terminal,2004,8,18.08.10 16:25
Блондинка в шоколаде,Pledge This!,2006,1,19.08.10 23:29
Доктор Кто,Doctor Who,2005 – ...,9,20.08.10 21:23
Эффект бабочки,The Butterfly Effect,2003,8,22.08.10 1:29
Гонзо: Страх и ненависть Хантера С. Томпсона,Gonzo: The Life and Work of Dr. Hunter S. Thompson,2008,10,28.08.10 23:24
На Дерибасовской хорошая погода  или На Брайтон Бич опять идут дожди,,1992,7,20.09.10 14:02
Цветок дьявола,,2010,1,03.10.10 15:12
Москва  я люблю тебя!,,2009,1,07.10.10 9:52
Выход через сувенирную лавку,Exit Through the Gift Shop,2010,9,07.10.10 11:19
Темный мир в 3D,,2010,1,16.10.10 13:34
Нью-Йорк  я люблю тебя,New York  I Love You,2008,7,30.10.10 0:21
Темный рыцарь,The Dark Knight,2008,8,30.10.10 11:19
Стоун,Stone,2010,5,04.11.10 17:30
Неудержимые,The Expendables,2010,6,04.11.10 21:23
Игры разума,A Beautiful Mind,2001,8,04.11.10 21:32
Пианист,The Pianist,2002,9,04.11.10 21:32
Назад в будущее 2,Back to the Future Part II,1989,8,04.11.10 21:33
Овсянки,,2010,8,21.11.10 15:04
Мальчики-налетчики,Takers,2010,7,18.12.10 22:43
Возвращение,,2003,10,21.12.10 22:41
Гуд бай  Ленин!,Good Bye Lenin!,2003,10,21.12.10 22:41
Мачете,Machete,2010,9,21.12.10 22:41
Обитель зла 4: Жизнь после смерти 3D,Resident Evil: Afterlife,2010,6,21.12.10 22:41
Отец Тед,Father Ted,1995 – 1998,10,21.12.10 22:41
Сутенер,Le mac,2009,4,28.12.10 17:46
Жизнь других,Das Leben der Anderen,2006,10,31.12.10 19:31
Пятая печать,Az otodik pecset,1976,10,01.01.11 3:06
Доктор Тырса,,2010,1,08.01.11 19:46
Фонтан,The Fountain,2006,8,27.01.11 16:21
Танцующая в темноте,Dancer in the Dark,2000,10,28.01.11 15:21
Пираты Карибского моря: Проклятие Черной жемчужины,Pirates of the Caribbean: The Curse of the Black Pearl,2003,7,28.01.11 16:53
Начало,Inception,2010,8,28.01.11 16:55
Спящие,Sleepers,1996,8,28.01.11 16:55
Колокол Чернобыля,,1987,7,28.01.11 16:55
Марадона: Рука Бога,Maradona  la mano di Dio,2007,7,28.01.11 16:56
Пророк,Un prophete,2009,7,28.01.11 16:56
Иван Васильевич меняет профессию,,1973,8,28.01.11 16:59
Операция «Ы» и другие приключения Шурика,,1965,8,28.01.11 16:59
Гладиатор,Gladiator,2000,7,28.01.11 16:59
Терминатор 2: Судный день,Terminator 2: Judgment Day,1991,6,28.01.11 16:59
Бриллиантовая рука,,1968,7,28.01.11 16:59
Джентльмены удачи,,1971,8,28.01.11 16:59
Хороший  плохой  злой,Il buono  il brutto  il cattivo,1966,7,28.01.11 16:59
Кавказская пленница  или Новые приключения Шурика,,1966,6,28.01.11 16:59
Матрица,The Matrix,1999,8,28.01.11 16:59
Самый лучший фильм 3-ДЭ,,2011,1,28.01.11 17:04
Коко до Шанель,Coco avant Chanel,2009,8,06.02.11 11:04
Скотт Пилигрим против всех,Scott Pilgrim vs. the World,2010,2,06.02.11 21:05
Чёрный лебедь,Black Swan,2010,8,21.02.11 11:23
Родня,,1981,9,21.02.11 23:58
Руки-ноги за любовь,Burke and Hare,2010,6,18.03.11 14:19
Рассекая волны,Breaking the Waves,1996,10,10.04.11 15:38
Идиоты,Idioterne,1998,10,10.04.11 15:39
Кен Парк,Ken Park,2002,6,10.04.11 15:40
Детки,Kids,1995,5,10.04.11 15:42
21 грамм,21 Grams,2003,8,10.04.11 15:50
11 сентября,11'09''01 - September 11,2002,7,10.04.11 15:51
Дилер,Dealer,2004,6,10.04.11 15:51
Тайм аут,L'emploi du temps,2001,7,10.04.11 15:51
Мастер и Маргарита,,2005,8,10.04.11 15:51
Жмурки,,2005,7,10.04.11 15:51
Бункер,Der Untergang,2004,8,10.04.11 15:52
18-летняя девственница,18-Year-Old Virgin,2008,1,10.04.11 15:55
Стан Хельсинг,Stan Helsing,2009,2,10.04.11 15:55
Никто не знает про секс,,2006,1,10.04.11 15:55
Самый лучший фильм 2,,2009,2,10.04.11 15:55
Самый лучший фильм,,2007,1,10.04.11 15:55
Никто не знает про секс 2: No sex,,2008,1,10.04.11 15:56
Гитлер капут!,,2008,1,10.04.11 15:56
Человек дождя,Rain Man,1988,10,13.04.11 16:56
Статский советник,,2005,8,16.04.11 9:33
12,,2007,8,16.04.11 9:37
Двадцать шесть дней из жизни Достоевского,,1980,10,15.05.11 15:27
Тринадцатый этаж,The Thirteenth Floor,1999,8,20.05.11 13:14
Эквилибриум,Equilibrium,2002,9,20.05.11 13:14
Адвокат дьявола,The Devil's Advocate,1997,8,20.05.11 13:16
Мальчик в полосатой пижаме,The Boy in the Striped Pyjamas,2008,7,20.05.11 13:17
Схватка,Heat,1995,7,20.05.11 13:17
Шерлок Холмс,Sherlock Holmes,2009,9,20.05.11 13:17
Профессионал,Le professionnel,1981,9,20.05.11 13:17
Иллюзионист,The Illusionist,2005,8,20.05.11 13:17
Крепкий орешек,Die Hard,1988,7,20.05.11 13:17
Секреты Лос-Анджелеса,L.A. Confidential,1997,6,20.05.11 13:17
Одержимость,Wicker Park,2004,7,20.05.11 13:17
Подозрительные лица,The Usual Suspects,1995,6,20.05.11 13:17
В случае убийства набирайте `М`,Dial M for Murder,1954,9,20.05.11 13:18
Совершенный мир,A Perfect World,1993,7,20.05.11 13:18
18 дырок  страсть на траве,Private Matador 9: 18 Holes  Passion on the Green,2001,-,20.05.11 13:19
Хулиганы,Hooligans,2004,6,20.05.11 13:20
Драконы навсегда,Fei lung mang jeung,1988,7,20.05.11 13:22
Змея в тени орла,Se ying diu sau,1978,7,20.05.11 13:22
Проект А,'A' gai wak,1983,8,20.05.11 13:22
Доспехи Бога,Long xiong hu di,1986,9,20.05.11 13:22
Час пик,Rush Hour,1998,7,20.05.11 13:22
Доспехи Бога 2: Операция Кондор,Fei ying gai wak,1991,7,20.05.11 13:22
Разборка в Бронксе,Hong faan kui,1995,6,20.05.11 13:22
Шанхайский полдень,Shanghai Noon,2000,5,20.05.11 13:23
Куда приводят мечты,What Dreams May Come,1998,9,20.05.11 13:24
Бьютифул,Biutiful,2009,7,20.05.11 13:25
Клык,Kynodontas,2009,4,20.05.11 13:25
Таинственная река,Mystic River,2003,7,20.05.11 13:25
Игра,The Game,1997,6,21.05.11 0:19
Форсаж 5,Fast Five,2011,1,21.05.11 9:46
Пираты Карибского моря: Сундук мертвеца,Pirates of the Caribbean: Dead Man's Chest,2006,7,21.05.11 9:47
Пираты Карибского моря: На странных берегах,Pirates of the Caribbean: On Stranger Tides,2011,5,21.05.11 9:47
На десять минут старше: Виолончель,Ten Minutes Older: The Cello,2002,-,21.05.11 9:49
Триумф любви,The Triumph of Love,2001,6,21.05.11 9:49
Ускользающая красота,Stealing Beauty,1995,7,21.05.11 9:49
Маленький Будда,Little Buddha,1993,7,21.05.11 9:49
Последний император,The Last Emperor,1987,6,21.05.11 9:50
Трагедия смешного человека,La tragedia di un uomo ridicolo,1981,8,21.05.11 9:50
Доктор Стрейнджлав  или Как я научился не волноваться и полюбил атомную бомбу,Dr. Strangelove or: How I Learned to Stop Worrying and Love the Bomb,1963,8,21.05.11 10:06
Гоморра,Gomorra,2008,7,21.05.11 10:09
Марадона,Maradona by Kusturica,2008,8,21.05.11 10:10
Дарья,Daria,1997 – 2001,8,21.05.11 10:12
Социальная сеть,The Social Network,2010,8,21.05.11 10:13
Семь жизней,Seven Pounds,2008,8,21.05.11 10:13
Гуммо,Gummo,1997,7,21.05.11 10:13
Я  снова я и Ирэн,Me  Myself & Irene,2000,6,21.05.11 10:14
Крепкий орешек 4.0,Live Free or Die Hard,2007,5,21.05.11 10:14
Тупой и еще тупее,Dumb & Dumber,1994,5,21.05.11 10:14
Лжец  лжец,Liar Liar,1997,7,21.05.11 10:14
Мегамозг,Megamind,2010,2,21.05.11 10:14
Завет,Zavet,2007,9,21.05.11 10:15
Черная кошка  белый кот,Crna ma_ka  beli ma_or,1998,9,21.05.11 10:15
Неудачники,Micmacs a tire-larigot,2009,8,21.05.11 10:16
Мальчишник в Вегасе,The Hangover,2009,7,21.05.11 10:16
Рапунцель: Запутанная история,Tangled,2010,3,21.05.11 10:16
Хроники Риддика,The Chronicles of Riddick,2004,4,21.05.11 10:16
Чёрная дыра,Pitch Black,1999,3,21.05.11 10:16
Пипец,Kick-Ass,2010,1,21.05.11 10:16
Хэнкок,Hancock,2008,4,21.05.11 10:16
Всегда говори `ДА`,Yes Man,2008,6,21.05.11 10:16
Эйс Вентура: Розыск домашних животных,Ace Ventura: Pet Detective,1993,6,21.05.11 10:17
Бомбила,,2011,2,21.05.11 10:19
Тор,Thor,2011,3,21.05.11 10:19
Десятидюймовый герой,Ten Inch Hero,2006,4,21.05.11 10:19
Тройной форсаж: Токийский дрифт,The Fast and the Furious: Tokyo Drift,2006,3,21.05.11 10:19
Бруно,Bruno,2009,6,21.05.11 10:20
Доктор Хаус,House  M.D.,2004 – 2012,8,21.05.11 10:30
Симпсоны,The Simpsons,1989 – ...,8,21.05.11 10:31
Симпсоны в кино,The Simpsons Movie,2007,5,21.05.11 10:32
Футурама,Futurama,1999 – 2013,6,21.05.11 10:33
Южный Парк,South Park,1997 – ...,6,21.05.11 10:33
Царь горы,King of the Hill,1997 – 2010,8,21.05.11 10:33
Бивис и Батт-Хед,Beavis and Butt-Head,1993 – 2011,4,21.05.11 10:33
Футурама: Зверь с миллиардом спин,Futurama: The Beast with a Billion Backs,2008,5,21.05.11 10:33
Шоу Кливленда,The Cleveland Show,2009 – 2013,4,21.05.11 10:33
Кот Саймона,Simon's Cat,2008 – ...,7,21.05.11 10:35
Дживс и Вустер,Jeeves and Wooster,1990 – 1993,7,21.05.11 10:39
Десятое королевство,The 10th Kingdom,1999,7,21.05.11 10:39
Коровка и Петушок,Cow and Chicken,1995 – 2004,7,21.05.11 10:40
Король Лев,The Lion King,1994,7,21.05.11 10:48
Вечное сияние чистого разума,Eternal Sunshine of the Spotless Mind,2004,6,21.05.11 10:48
Спасти рядового Райана,Saving Private Ryan,1998,6,21.05.11 10:48
В бой идут одни «старики»,,1973,7,21.05.11 10:48
День сурка,Groundhog Day,1993,7,21.05.11 10:48
Титаник,Titanic,1997,7,21.05.11 10:49
Огни большого города,City Lights,1931,8,21.05.11 10:49
Малышка на миллион,Million Dollar Baby,2004,7,21.05.11 10:49
Великий диктатор,The Great Dictator,1940,8,21.05.11 10:50
Москва слезам не верит,,1979,8,21.05.11 10:50
Белый Бим Черное ухо,,1976,7,21.05.11 10:50
Вверх,Up,2009,6,21.05.11 10:51
Они сражались за Родину,,1975,5,21.05.11 10:51
Район №9,District 9,2009,6,21.05.11 10:51
Ежик в тумане,,1975,9,21.05.11 10:51
Андеграунд,Underground,1995,6,21.05.11 10:57
Римские каникулы,Roman Holiday,1953,8,21.05.11 10:57
Весна  лето  осень  зима... и снова весна,Bom yeoreum gaeul gyeoul geurigo bom,2003,8,21.05.11 10:58
Унесенные ветром,Gone with the Wind,1939,7,21.05.11 10:58
Рокки,Rocky,1976,6,21.05.11 10:58
Офицеры,,1971,6,21.05.11 10:58
Иваново детство,,1962,8,21.05.11 10:58
Аватар,Avatar,2009,3,21.05.11 10:59
Плохой хороший человек,,1973,8,21.05.11 10:59
Война и мир,,1965,9,21.05.11 10:59
Бонни и Клайд,Bonnie and Clyde,1967,9,21.05.11 10:59
Брестская крепость,,2010,6,21.05.11 10:59
Стена,Pink Floyd The Wall,1982,8,21.05.11 11:00
Инопланетянин,E.T. the Extra-Terrestrial,1982,8,21.05.11 11:00
Апокалипсис,Apocalypto,2006,5,21.05.11 11:00
Броненосец «Потемкин»,,1925,9,21.05.11 11:01
Дни Турбиных,,1976,7,21.05.11 11:01
Ип Ман,Yip Man,2008,5,21.05.11 11:01
Рестлер,The Wrestler,2008,7,21.05.11 11:02
Ностальгия,Nostalghia,1983,8,21.05.11 11:02
Утомленные солнцем,,1994,9,21.05.11 11:03
Народ против Ларри Флинта,The People vs. Larry Flynt,1996,7,21.05.11 11:03
Всё о моей матери,Todo sobre mi madre,1999,9,21.05.11 11:03
Миллионер из трущоб,Slumdog Millionaire,2008,7,21.05.11 11:04
Гараж,,1979,7,21.05.11 11:04
Рок-волна,The Boat That Rocked,2009,8,21.05.11 11:04
Кин-дза-дза!,,1986,9,21.05.11 11:04
Война и мир: Пьер Безухов,,1967,8,21.05.11 11:05
Время цыган,Dom za vesanje,1988,6,21.05.11 11:10
Снежная королева,,1957,7,21.05.11 11:10
Бэтмен: Начало,Batman Begins,2005,7,21.05.11 11:11
Фотоувеличение,Blowup,1966,8,21.05.11 11:11
Похитители велосипедов,Ladri di biciclette,1948,10,21.05.11 11:11
Война и мир: Андрей Болконский,,1965,7,21.05.11 11:12
Последнее танго в Париже,Ultimo tango a Parigi,1972,8,21.05.11 11:18
Манхэттен,Manhattan,1979,7,21.05.11 11:23
Изгои,The Outsiders,1983,7,21.05.11 11:25
Ватерлоо,Waterloo,1970,8,21.05.11 11:26
Идиот,,1958,8,21.05.11 11:26
Игла,,1988,6,21.05.11 11:26
Человек  который спит,Un homme qui dort,1974,10,21.05.11 13:21
Братья Карамазовы,,1968,10,21.05.11 13:22
Дурное воспитание,La mala educacion,2004,8,21.05.11 17:27
Кика,Kika,1993,8,21.05.11 17:29
Пробуждение,Awakenings,1990,8,11.06.11 22:56
Помни,Memento,2000,8,18.06.11 11:05
Старикам тут не место,No Country for Old Men,2007,8,18.06.11 11:05
Это безумный  безумный  безумный  безумный мир,It's a Mad  Mad  Mad  Mad World,1963,9,25.06.11 10:19
Меланхолия,Melancholia,2011,8,08.07.11 13:26
Дерево  мэр и медиатека,L'arbre  le maire et la mediatheque,1993,8,10.07.11 10:04
Хиппи,Hippies,1999,8,13.07.11 0:04
Зеленое крыло,Green Wing,2004 – 2006,9,13.07.11 0:16
Вечный жид,Der ewige Jude,1940,7,19.07.11 18:36
Фильм  фильм  фильм,,1968,8,22.07.11 18:50
Совершенный человек,Det perfekte menneske,1967,6,22.07.11 18:50
Семь,Se7en,1995,8,25.07.11 21:29
Generation П,,2011,7,25.07.11 21:30
Пирамммида,,2011,4,25.07.11 21:30
Здесь курят,Thank You for Smoking,2005,7,25.07.11 21:31
Сон смешного человека,,1992,10,01.08.11 12:06
Рождённые в СССР: 21 год,Born in the USSR: 21 Up,2005,10,07.08.11 20:19
Рождённые в СССР. Четырнадцатилетние,14 Up Born in the USSR,1998,10,07.08.11 20:21
Рождённые в СССР. Семилетние,Age 7 in the USSR,1991,10,07.08.11 20:21
99 франков,99 francs,2007,8,08.08.11 15:20
Цельнометаллическая оболочка,Full Metal Jacket,1987,7,08.08.11 23:08
Большая возня,Big Train,1998 – 2002,8,08.08.11 23:11
Двадцатый век,Novecento,1976,8,08.08.11 23:12
Трасса 60,Interstate 60,2001,10,13.08.11 11:04
Догма,Dogma,1999,5,13.08.11 11:05
Таксист,Taxi Driver,1976,8,25.09.11 22:27
На игле,Trainspotting,1995,7,25.09.11 22:50
Вход в пустоту,Enter the Void,2009,8,30.09.11 20:40
Дневник баскетболиста,The Basketball Diaries,1995,8,02.10.11 9:24
Ромовый дневник,The Rum Diary,2010,7,28.10.11 11:43
Побег из тюрьмы: Финальный побег,Prison Break: The Final Break,2009,5,04.11.11 20:47
Общество мертвых поэтов,Dead Poets Society,1989,8,04.11.11 20:48
Бабло,,2011,3,11.11.11 14:56
The Beatles: Вечер трудного дня,A Hard Day's Night,1964,9,29.11.11 14:44
Ганди,Gandhi,1982,10,13.01.12 18:37
Король говорит!,The King's Speech,2010,8,26.01.12 21:25
Значит  война,This Means War,2012,4,27.02.12 12:28
Ненависть,La haine,1995,9,27.05.12 23:59
Намедни. Наша эра. 1961-2003,,1997 – 2003,10,03.06.12 12:48
Шерлок Холмс: Игра теней,Sherlock Holmes: A Game of Shadows,2011,8,03.06.12 12:50
12 стульев,,1971,8,05.06.12 15:39
Банды Нью-Йорка,Gangs of New York,2002,7,06.06.12 23:17
Тропы славы,Paths of Glory,1957,9,23.08.12 11:02
Человек-слон,The Elephant Man,1980,9,23.08.12 11:02
Письма отцу Якобу,Postia pappi Jaakobille,2009,10,02.09.12 21:20
Лос-Анджелес без карты,L.A. Without a Map,1998,10,02.09.12 21:25
Бразилия,Brazil,1985,10,06.09.12 23:00
Смысл жизни по Монти Пайтону,The Meaning of Life,1983,9,06.09.12 23:02
Житие Брайана по Монти Пайтон,Life of Brian,1979,10,06.09.12 23:03
Обитель зла: Возмездие,Resident Evil: Retribution,2012,3,15.09.12 0:39
Брюс Всемогущий,Bruce Almighty,2003,4,15.09.12 14:50
Американский папаша,American Dad!,2005 – ...,7,15.09.12 14:51
Диктатор,The Dictator,2012,5,22.09.12 13:18
Патруль,End of Watch,2012,7,22.09.12 13:18
Судья Дредд 3D,Dredd,2012,4,26.09.12 16:31
Петля времени,Looper,2012,7,05.10.12 17:17
Новый человек,Den nya manniskan,2007,10,23.10.12 17:09
Сталкер,,1979,9,24.10.12 13:15
Человек в футляре,,1939,9,24.10.12 18:18
Вечная мерзлота,Paha maa,2005,8,08.11.12 12:22
Служебный роман. Наше время,,2011,3,08.11.12 12:30
Знакомство с родителями,Meet the Parents,2000,6,08.11.12 12:31
Деньги,L' Argent,1983,6,09.11.12 14:25
Зеркало,,1974,10,09.11.12 16:24
Пятый элемент,The Fifth Element,1997,7,11.11.12 12:27
Облачный атлас,Cloud Atlas,2012,6,13.11.12 0:12
Однокурсники,Community,2009 – 2015,7,21.11.12 22:55
Темный рыцарь: Возрождение легенды,The Dark Knight Rises,2012,8,23.11.12 18:14
Гавр,Le Havre,2011,7,27.11.12 16:19
Зверофабрика,Animal Factory,2000,7,04.12.12 22:28
Загадочная история Бенджамина Баттона,The Curious Case of Benjamin Button,2008,8,06.12.12 21:08
007: Координаты «Скайфолл»,Skyfall,2012,8,28.02.13 0:10
Спускаясь с горы,Coming Down the Mountain,2007,9,14.05.13 16:48
Большие надежды,Great Expectations,2012,8,14.05.13 19:15
Великий Гэтсби,The Great Gatsby,2013,6,28.05.13 2:59
Одна неделя,One Week,1920,8,02.06.13 13:16
Даун Хаус,,2001,7,04.06.13 13:34
Сны наяву,Day Dreams,1922,7,10.06.13 21:55
Баффало 66,Buffalo '66,1997,10,16.07.13 16:54
Припаркованные,Parked,2010,8,22.07.13 20:12
Я очень возбужден,Los amantes pasajeros,2013,7,23.07.13 21:00
Мистер Одиночество,Mister Lonely,2007,9,31.07.13 2:27
Небо над Берлином,Der Himmel uber Berlin,1987,10,04.08.13 10:20
,Blood  Sweat + Vinyl: DIY in the 21st Century,2011,8,16.08.13 20:56
Гравитация,Gravity,2013,7,09.10.13 17:43
Осло  31-го августа,Oslo  31. august,2011,8,05.11.13 12:24
Город грехов,Sin City,2005,8,20.12.13 21:53
12 обезьян,Twelve Monkeys,1995,9,21.12.13 0:12
Фламандские натюрморты,De helaasheid der dingen,2009,8,27.12.13 12:59
В поисках Эрика,Looking for Eric,2009,7,28.12.13 12:18
ХБ,,2013,4,28.12.13 12:20
Блеф,Bluff storia di truffe e di imbroglioni,1976,8,28.12.13 13:38
Леон,Leon,1994,9,28.12.13 14:18
Крестный отец,The Godfather,1972,9,28.12.13 14:18
Американская история Х,American History X,1998,8,28.12.13 14:18
Остров проклятых,Shutter Island,2009,8,28.12.13 14:18
Крестный отец 2,The Godfather: Part II,1974,8,28.12.13 14:19
Брат,,1997,8,28.12.13 14:19
Город Бога,Cidade de Deus,2002,8,28.12.13 14:19
Славные парни,Goodfellas,1990,8,28.12.13 14:19
Бронкская история,A Bronx Tale,1993,8,28.12.13 14:19
Олдбой,Oldeuboi,2003,7,28.12.13 14:21
Дом. История путешествия,Home,2009,8,28.12.13 14:21
Игра престолов,Game of Thrones,2011 – ...,7,28.12.13 14:22
Джанго освобожденный,Django Unchained,2012,8,28.12.13 14:23
Во все тяжкие,Breaking Bad,2008 – 2013,7,28.12.13 14:24
Побег,Prison Break,2005 – 2009,7,28.12.13 14:24
Как я встретил вашу маму,How I Met Your Mother,2005 – 2014,6,28.12.13 14:24
Клиника,Scrubs,2001 – 2010,7,28.12.13 14:24
Остаться в живых,Lost,2004 – 2010,6,28.12.13 14:25
Квантовый скачок,Quantum Leap,1989 – 1993,8,28.12.13 14:25
Чертова служба в госпитале Мэш,M*A*S*H,1972 – 1983,7,28.12.13 14:25
Скорая помощь,ER,1994 – 2009,9,28.12.13 14:25
Пираты Карибского моря: На краю Света,Pirates of the Caribbean: At World's End,2007,7,28.12.13 14:28
Я – легенда,I Am Legend,2007,7,28.12.13 14:29
Люди в черном,Men in Black,1997,6,28.12.13 14:29
Шерлок,Sherlock,2010 – ...,7,02.01.14 14:18
Иван Грозный,,1944,8,03.01.14 13:25
Сибирский цирюльник,,1998,8,03.01.14 13:25
Цареубийца,,1991,8,03.01.14 13:25
Большой Лебовски,The Big Lebowski,1998,8,10.01.14 21:07
Воровка книг,The Book Thief,2013,5,17.01.14 1:52
Ограбление казино,Killing Them Softly,2012,7,20.01.14 18:00
Семь лет в Тибете,Seven Years in Tibet,1997,8,24.01.14 12:12
Любовь,Amour,2012,9,24.01.14 14:41
Отступники,The Departed,2006,8,07.02.14 11:34
Легенда о Каспаре Хаузере,La leggenda di Kaspar Hauser,2012,8,14.02.14 9:55
Грибы,Shrooms,2007,6,28.02.14 16:06
Далласский клуб покупателей,Dallas Buyers Club,2013,9,01.03.14 13:39
Бартон Финк,Barton Fink,1991,7,02.03.14 14:01
Девушка с татуировкой дракона,Man som hatar kvinnor,2009,8,23.03.14 18:22
Успеть до полуночи,Midnight Run,1988,8,24.03.14 21:32
Двадцать одно,21,2008,7,26.03.14 21:45
Простая история,The Straight Story,1999,9,29.03.14 11:40
Ной,Noah,2014,3,31.03.14 0:17
Король-рыбак,The Fisher King,1991,9,03.04.14 22:14
Неуместный человек,Den brysomme mannen,2006,8,04.04.14 17:12
Сыны Норвегии,Sonner av Norge,2011,7,04.04.14 17:20
Мюнхен,Munich,2005,7,05.04.14 10:06
Друзья,Friends,1994 – 2004,8,05.04.14 10:40
Казино,Casino,1995,9,05.04.14 10:40
Гриффины,Family Guy,1999 – ...,8,05.04.14 10:41
25-й час,25th Hour,2002,9,05.04.14 10:41
Пьяный мастер 2,Jui kuen II,1994,8,05.04.14 10:41
Пьяный мастер,Jui kuen,1978,9,05.04.14 10:41
Привидение,Ghost,1990,8,05.04.14 10:41
Медвежатник,The Score,2001,8,05.04.14 10:41
Неприкасаемые,The Untouchables,1987,8,05.04.14 10:41
Гангстер,American Gangster,2007,7,05.04.14 10:42
Игра,Play,2011,7,05.04.14 13:57
Происшествие в банке,Handelse vid bank,2010,5,05.04.14 13:58
Добровольно-принудительно,De ofrivilliga,2008,6,05.04.14 13:58
Безумие,The Wackness,2008,7,05.04.14 13:59
Последняя зима,L'hiver dernier,2011,6,05.04.14 14:00
Рокко и его братья,Rocco e i suoi fratelli,1960,-,05.04.14 14:23
Аризонская мечта,Arizona Dream,1991,9,05.04.14 14:24
Забриски Пойнт,Zabriskie Point,1970,-,05.04.14 14:25
Магнолия,Magnolia,1999,8,05.04.14 14:26
Я нажимаю на красную кнопку,I Touch a Red Button,2011,5,05.04.14 19:42
Внутри Льюина Дэвиса,Inside Llewyn Davis,2012,8,05.04.14 19:42
Елена,,2011,6,05.04.14 20:57
Полицейский  имя прилагательное,Politist  adjectiv,2009,6,05.04.14 21:16
Вавилон,Babel,2006,8,06.04.14 19:26
Гиганты,Les geants,2011,8,09.04.14 20:03
Комар,Sweet Mosquito,2012,8,10.04.14 10:19
Почему всё должна делать я?,Pitaako mun kaikki hoitaa?,2011,9,10.04.14 14:17
,№ 30,2013,4,10.04.14 14:18
Пятница,Friday,2012,7,10.04.14 14:43
Мечтатели,The Dreamers,2003,7,10.04.14 18:07
Сало  или 120 дней Содома,Salo o le 120 giornate di Sodoma,1975,5,10.04.14 21:33
Без комментариев,No Comment,2012,7,10.04.14 23:55
Ирландская народная мебель,Irish Folk Furniture,2012,8,11.04.14 0:04
Блэк-Метал,Black Metal,2013,5,11.04.14 0:14
Портреты путешествий,Portraits de voyages Japon: Hojo Jutsu,2013,8,11.04.14 0:25
Я – огромный шар печали,I Am a Big Ball of Sadness,2013,8,11.04.14 0:35
Кафе Фортуна,Kismet Diner,2013,8,11.04.14 0:44
Черта оседлости,The Pale of Settlement,2013,9,11.04.14 0:56
Танцплощадка дьявола,Mannen fra isodet,2012,9,11.04.14 10:00
Любопытное стечение обстоятельств,Een Bizarre Samenloop Van Omstandigheden,2011,9,11.04.14 10:22
Куда течет море?,,2011,5,11.04.14 10:39
Два плюс два,Two & Two,2011,10,11.04.14 11:22
Курица,Cluck,2011,8,11.04.14 11:32
За зеркалами,Detras del espejo,2012,7,11.04.14 12:51
Тщательно продуманная кончина Роберта Эбба,The Elaborate End of Robert Ebb,2012,8,11.04.14 13:02
Супермен  Человек-паук или Бэтмен,Superman  Spiderman or Batman,2011,10,11.04.14 13:20
Коллекционная карточка,'92 Skybox Alonzo Mourning Rookie Card,2012,5,11.04.14 13:31
Голос за кадром,Voice Over,2011,9,11.04.14 13:41
Строки,Lines,2007,4,11.04.14 20:05
Одна сотая секунды,One Hundredth of a Second,2006,10,11.04.14 20:10
Клуни,Clooney,2007,3,11.04.14 20:17
Черешни,Cherries,2007,5,11.04.14 20:23
Я встретил моржа,I Met the Walrus,2007,8,11.04.14 20:28
Фокусник,El prestidigitador,2007,6,11.04.14 20:40
Стажер,The Trainee,2006,8,11.04.14 20:48
Я хочу быть пилотом,I Want to Be a Pilot,2006,10,11.04.14 21:02
Я так горжусь тобой,I Am So Proud of You,2008,8,14.04.14 13:32
Все будет хорошо,Everything Will Be Ok,2006,8,14.04.14 13:33
Какой замечательный день,It's Such a Beautiful Day,2011,9,14.04.14 22:26
Какой чудесный день,It's Such a Beautiful Day,2012,9,14.04.14 22:26
Отвергнутые,Rejected,2000,6,18.04.14 17:23
Дыхание,Atmen,2011,6,18.04.14 19:03
Газгольдер: Фильм,,2014,1,24.04.14 19:07
Фарго,Fargo,2014 – ...,9,25.04.14 20:50
Посторонний,Lo straniero,1967,7,01.05.14 20:06
Процесс,Le proces,1962,8,01.05.14 20:17
Гибель богов,La caduta degli dei,1969,8,02.05.14 22:05
8 с половиной,8_,1963,8,04.05.14 12:37
Два тайма в аду,Ket felido a pokolban,1963,10,04.05.14 18:48
Фарго,Fargo,1995,9,09.05.14 17:06
После прочтения сжечь,Burn After Reading,2008,7,11.05.14 11:26
Быть Джоном Малковичем,Being John Malkovich,1999,7,16.05.14 9:38
Человек  которого не было,The Man Who Wasn't There,2001,8,17.05.14 9:51
Враг государства №1: Легенда,L'ennemi public n°1,2008,7,17.05.14 12:49
Люди Икс: Дни минувшего будущего,X-Men: Days of Future Past,2014,7,01.06.14 0:19
Солярис,,1972,8,01.06.14 16:04
Грань будущего,Edge of Tomorrow,2014,7,08.06.14 14:34
Слон,Elephant,2003,5,10.06.14 15:45
Линкольн,Lincoln,2012,7,11.06.14 0:55
Капитализм: История любви,Capitalism: A Love Story,2009,8,12.06.14 11:58
Вся президентская рать,All the President's Men,1976,7,12.06.14 19:21
Планета обезьян: Революция,Dawn of the Planet of the Apes,2014,4,19.07.14 2:22
12 лет рабства,12 Years a Slave,2013,7,31.07.14 10:27
О Шмидте,About Schmidt,2002,7,31.07.14 14:30
Ленинградские ковбои едут в Америку,Leningrad Cowboys Go America,1989,7,07.08.14 13:37
Под куполом,Under the Dome,2013 – 2015,3,14.08.14 23:36
Кавказская пленница!,,2014,1,22.08.14 20:02
Цвет нации,,2013,8,23.08.14 21:47
С твёрдым знаком на конце,,2009,7,23.08.14 21:48
Без солнца,,1987,8,09.09.14 18:06
Мой Аттила Марсель,Attila Marcel,2013,7,05.10.14 15:39
Закусочная Боба,Bob's Burgers,2011 – ...,8,26.10.14 0:17
Интерстеллар,Interstellar,2014,10,07.11.14 14:31
,Song to Say Goodbye,2006,8,09.12.14 20:41
Хоббит: Нежданное путешествие,The Hobbit: An Unexpected Journey,2012,7,17.12.14 18:30
Хоббит: Пустошь Смауга,The Hobbit: The Desolation of Smaug,2013,8,20.12.14 13:05
Хоббит: Битва пяти воинств,The Hobbit: The Battle of the Five Armies,2014,8,20.12.14 20:44
Властелин колец: Возвращение Короля,The Lord of the Rings: The Return of the King,2003,-,23.12.14 16:45
Властелин колец: Братство кольца,The Lord of the Rings: The Fellowship of the Ring,2001,6,24.12.14 14:38
Властелин колец: Две крепости,The Lord of the Rings: The Two Towers,2002,7,24.12.14 14:38
Фальшивомонетчики,Die Falscher,2006,7,29.12.14 15:35
Берегись автомобиля,,1966,9,02.01.15 12:44
Студия 54,54,1998,7,06.01.15 20:26
Дурак,,2014,7,10.01.15 18:30
Фонтан,,1989,8,10.01.15 18:31
Шпион  выйди вон!,Tinker Tailor Soldier Spy,2011,-,22.01.15 21:41
Духless,,2011,1,13.02.15 19:46
Отель «Гранд Будапешт»,The Grand Budapest Hotel,2014,6,28.02.15 21:23
Бёрдмэн,Birdman or (The Unexpected Virtue of Ignorance),2014,7,21.03.15 15:20
Красная борода,Akahige,1965,8,22.03.15 15:09
Жить,Ikiru,1952,7,26.03.15 19:26
Левиафан,,2014,8,26.03.15 19:37
Горбатая гора,Brokeback Mountain,2005,7,16.04.15 17:36
Птицы,The Birds,1963,7,17.05.15 16:23
Фрэнк,Frank,2013,8,21.05.15 13:39
Хороший доктор,The Good Doctor,2011,5,21.05.15 16:16
Безумный Макс: Дорога ярости,Mad Max: Fury Road,2015,6,22.05.15 19:40
Дурацкое дело нехитрое,Kraftidioten,2014,7,14.06.15 20:45
Охота,Jagten,2012,8,16.06.15 8:05
Ворошиловский стрелок,,1999,8,16.06.15 21:25
Ласточки прилетели,,2006,10,17.06.15 21:54
Шапито-шоу: Любовь и дружба,,2011,3,19.06.15 1:05
Пыль,,2005,6,19.06.15 1:05
Шапито-шоу: Уважение и сотрудничество,,2011,6,19.06.15 1:08
Планета Ка-Пэкс,K-PAX,2001,8,19.06.15 18:45
Kingsman: Секретная служба,Kingsman: The Secret Service,2015,6,20.06.15 20:35
Контакт,Contact,1997,8,27.06.15 15:55
451_ по Фаренгейту,Fahrenheit 451,1966,7,27.06.15 15:55
Заправка,Garage,2007,6,27.06.15 17:52
Фальсификатор,Falsifikator,2013,7,27.06.15 20:46
Французский транзит,La French,2014,5,30.06.15 20:24
Плохие,Misfits,2009 – 2013,6,19.07.15 17:10
Чародей: Страна Великого Дракона,Spellbinder: Land of the Dragon Lord,1997,8,19.07.15 17:13
Утопия,Utopia,2013 – 2014,9,21.07.15 11:50
Достучаться до небес,Knockin' on Heaven's Door,1997,9,04.08.15 22:02
Агенты А.Н.К.Л.,The Man from U.N.C.L.E.,2015,6,15.08.15 8:50
ЧОП,,2015,7,15.08.15 14:05
Облако-рай,,1990,8,16.08.15 9:30
Ноториус,Notorious,2009,7,16.08.15 10:57
Друг,,1987,8,16.08.15 16:27
Окно в Париж,,1993,8,17.08.15 14:49
Про бизнесмена Фому,,1993,5,17.08.15 17:36
Люди,Humans,2015 – ...,6,18.08.15 19:26
Жизнь Дэвида Гейла,The Life of David Gale,2002,9,05.09.15 21:33
Изгой,Cast Away,2000,10,05.09.15 21:34
В диких условиях,Into the Wild,2007,9,19.09.15 21:39
300 спартанцев,300,2007,7,19.09.15 21:41
300 спартанцев: Расцвет империи,300: Rise of an Empire,2013,8,19.09.15 21:41
На грани,The Edge,1997,8,19.09.15 21:41
Там  где бродит бизон,Where the Buffalo Roam,1980,8,19.09.15 23:36
Танцующий с волками,Dances with Wolves,1990,8,19.09.15 23:55
Охотники за привидениями,Ghost Busters,1984,8,21.09.15 22:31
Небраска,Nebraska,2013,8,22.09.15 10:36
Марсианин,The Martian,2015,6,09.10.15 2:15
Легенда,Legend,2015,7,11.10.15 19:49
Лучше звоните Солу,Better Call Saul,2015 – ...,8,12.10.15 11:38
1+1,Intouchables,2011,7,12.10.15 11:48
Аэроплан,Airplane!,1980,7,17.10.15 19:39
Без вины виноватый,Wrongfully Accused,1998,7,18.10.15 10:49
Бульвар,Boulevard,2014,6,18.10.15 13:30
Голый пистолет,The Naked Gun: From the Files of Police Squad!,1988,6,21.10.15 0:35
Голый пистолет 2 1/2: Запах страха,The Naked Gun 2_: The Smell of Fear,1991,6,21.10.15 20:46
Голый пистолет 33 1/3: Последний выпад,Naked Gun 33 1/3: The Final Insult,1994,7,21.10.15 22:05
Нарко,Narcos,2015 – ...,8,24.10.15 14:22
Побег из Шоушенка,The Shawshank Redemption,1994,9,29.10.15 18:46
Форрест Гамп,Forrest Gump,1994,9,29.10.15 18:46
Зеленая миля,The Green Mile,1999,-,29.10.15 18:47
Список Шиндлера,Schindler's List,1993,8,29.10.15 18:47
Песни со второго этажа,Sanger fran andra vaningen,2000,4,29.10.15 19:55
Легенда о святом пропойце,La leggenda del santo bevitore,1988,6,29.10.15 20:45
Мертвец,Dead Man,1995,7,01.11.15 15:20
Черная месса,Black Mass,2015,7,04.11.15 18:12
Голубь сидел на ветке  размышляя о бытии,En duva satt pa en gren och funderade pa tillvaron,2014,6,07.11.15 13:17
Братья по оружию,Band of Brothers,2001,10,07.11.15 17:53
Код Да Винчи,The Da Vinci Code,2006,7,09.11.15 23:09
Проклятый Юнайтед,The Damned United,2009,8,15.11.15 13:04
Убить пересмешника,To Kill a Mockingbird,1962,7,15.11.15 13:49
Золотой теленок,,1968,8,15.11.15 13:54
Мандарины,Mandariinid,2013,8,15.11.15 15:24
Малхолланд Драйв,Mulholland Dr.,2001,10,18.11.15 0:40
Ничья земля,No Man's Land,2001,7,18.11.15 23:21
Нюрнбергский процесс,Judgment at Nuremberg,1961,8,21.11.15 15:46
Таинственный поезд,Mystery Train,1989,7,22.11.15 11:19
Три идиота,3 Idiots,2009,7,22.11.15 16:41
Трахальщики мусорных бачков,Trash Humpers,2009,3,26.11.15 12:11
Отвязные каникулы,Spring Breakers,2012,3,26.11.15 12:11
Теория большого взрыва,The Big Bang Theory,2007 – ...,5,26.11.15 12:13
Синий бархат,Blue Velvet,1986,5,26.11.15 15:12
Шоссе в никуда,Lost Highway,1996,6,26.11.15 20:35
Хотел бы я быть здесь,Wish I Was Here,2014,6,28.11.15 13:16
Что-то не так с Кевином,We Need to Talk About Kevin,2011,4,29.11.15 17:13
Аптечный ковбой,Drugstore Cowboy,1989,8,29.11.15 21:09
О лошадях и людях,Hross i oss,2013,7,30.11.15 12:48
Экзистенция,eXistenZ,1999,6,30.11.15 18:21
Порок на экспорт,Eastern Promises,2007,7,30.11.15 23:21
Госфорд парк,Gosford Park,2001,7,06.12.15 0:47
Собачье сердце,,1988,10,06.12.15 14:36
Тюремный эксперимент в Стэнфорде,The Stanford Prison Experiment,2015,6,07.12.15 14:11
Донни Дарко,Donnie Darko,2001,7,07.12.15 18:16
Капоте,Capote,2005,6,08.12.15 0:39
Эми,Amy,2015,8,08.12.15 14:29
Кто подставил кролика Роджера,Who Framed Roger Rabbit,1988,8,08.12.15 18:17
Особое мнение,Minority Report,2002,7,08.12.15 21:58
Идиократия,Idiocracy,2005,7,10.12.15 15:00
Очень Мюрреевское Рождество,A Very Murray Christmas,2015,5,13.12.15 8:30
Нефть,There Will Be Blood,2007,8,13.12.15 16:16
Земля картелей,Cartel Land,2015,6,19.12.15 18:47
Паника в Нидл-парке,The Panic in Needle Park,1971,7,27.12.15 16:27
Пугало,Scarecrow,1973,8,27.12.15 19:25
Мама,,1999,-,31.12.15 15:45
Омерзительная восьмерка,The Hateful Eight,2015,8,09.01.16 23:33
Выживший,The Revenant,2015,7,14.01.16 20:52
Шпионский мост,Bridge of Spies,2015,8,26.01.16 2:03
007: СПЕКТР,Spectre,2015,6,03.02.16 0:52
Стив Джобс,Steve Jobs,2015,7,07.02.16 0:29
Игра на понижение,The Big Short,2015,8,07.02.16 14:55
Игра в имитацию,The Imitation Game,2014,9,07.02.16 18:22
Волк с Уолл-стрит,The Wolf of Wall Street,2013,6,08.02.16 21:28
Предел риска,Margin Call,2011,7,09.02.16 10:18
Инсайдеры,Inside Job,2010,8,09.02.16 12:38
Пираты Силиконовой Долины,Pirates of Silicon Valley,1999,7,09.02.16 14:37
И грянул шторм,The Finest Hours,2016,3,10.02.16 18:49
В центре внимания,Spotlight,2015,6,12.02.16 9:59
Страх и ненависть в Лас-Вегасе,Fear and Loathing in Las Vegas,1998,10,12.02.16 15:28
Плутовство,Wag the Dog,1997,7,12.02.16 20:03
Доказательство смерти,Death Proof,2007,9,13.02.16 17:45
Убить Билла,Kill Bill: Vol. 1,2003,9,14.02.16 12:42
Убить Билла 2,Kill Bill: Vol. 2,2004,8,14.02.16 17:39
Грайндхаус,Grindhouse,2007,6,14.02.16 19:47
Планета страха,Planet Terror,2007,6,14.02.16 19:48
Секретные материалы,The X-Files,2015 – ...,5,18.02.16 1:50
Восстание бездельников,Captain Mike Across America,2007,5,18.02.16 18:34
Счастливое число Слевина,Lucky Number Slevin,2005,8,18.02.16 19:19
Дилберт,Dilbert,1999 – 2000,8,18.02.16 22:01
Бесславные ублюдки,Inglourious Basterds,2009,8,19.02.16 2:14
Господин Никто,Mr. Nobody,2009,7,19.02.16 22:24
Вегас: Правдивая история,Vegas: Based on a True Story,2008,7,21.02.16 10:43
Король жив,The King Is Alive,2000,4,21.02.16 11:24
Комната,Room,2015,8,03.03.16 15:57
Карточный домик,House of Cards,2013 – ...,7,05.03.16 21:02
Эверест,Everest,2015,8,05.03.16 23:12
Пес-призрак: Путь самурая,Ghost Dog: The Way of the Samurai,1999,7,14.03.16 19:56
Ночь на Земле,Night on Earth,1991,8,15.03.16 21:04
Фехтовальщик,Miekkailija,2015,9,19.03.16 18:48
Метролэнд,Metroland,1997,6,22.03.16 22:05
Вне закона,Down by Law,1986,7,22.03.16 22:05
